credit_card_number,credit_card_provider,id,price,purchase_date,isbn10
2286937402408045,Discover,8360,7681,2020-03-02,0-7276-4998-1
30009424238819,JCB 15 digit,2416,1820,2020-04-13,0-617-66614-8
346863220162402,Diners Club / Carte Blanche,1206,2782,2020-09-02,1-4775-5373-8
4591096487982840,Mastercard,7494,844,2020-09-23,0-630-45908-8
4373723705109567,Maestro,8450,4740,2020-06-06,1-80546-961-4
2714806929128265,VISA 16 digit,7041,2332,2020-01-13,1-904500-47-1
30186507951987,JCB 16 digit,9127,5996,2020-02-19,1-330-89994-6
4185081867435439,Discover,9496,7010,2020-02-01,0-292-35252-2
3529153418073386,American Express,347,9009,2020-10-27,0-7900-9391-X
3573735472365701,Mastercard,3134,8473,2020-05-29,0-7426-3744-1
30275781678513,VISA 16 digit,3189,6870,2020-01-20,1-963129-90-3
3501841279462571,VISA 16 digit,2983,6233,2020-01-12,0-215-31944-3
378347169531596,Discover,7273,5526,2020-05-18,1-01-901258-7
4976020433634,Discover,4281,4832,2020-02-02,0-11-297894-0
3577657396331757,Discover,6957,586,2020-10-25,0-279-05508-0
2244336535950448,Discover,7378,7443,2020-02-28,1-86869-073-3
4264965898668667,Maestro,1024,1284,2020-09-01,1-4602-3059-0
3595100312009759,Mastercard,5469,8981,2020-11-04,1-232-55040-X
30365048239397,American Express,6298,8589,2020-04-24,1-9746-9910-2
4385408986078498820,Discover,1759,8048,2020-02-21,1-941731-92-9
4609717759971589,JCB 16 digit,2434,2072,2020-05-17,0-928828-08-5
4978144660726874,Discover,1329,3997,2020-01-19,1-71276-939-1
4739505169342513506,JCB 16 digit,6300,402,2020-05-06,0-16-260677-X
4672104580121860,JCB 16 digit,4319,8877,2020-02-09,0-85131-978-5
501873015694,JCB 15 digit,5875,6950,2020-09-07,0-09-522511-0
30149775640393,Discover,8500,7192,2020-07-11,0-473-70376-9
3501327022859008,Discover,7827,8029,2020-03-25,0-06-283554-8
30579559842148,JCB 16 digit,8343,9610,2020-02-20,0-239-89800-1
630493682490,JCB 15 digit,7023,9345,2020-03-02,0-218-66746-9
2262742879220511,VISA 16 digit,2680,4887,2020-06-22,0-240-85779-8
4261491409720725855,Maestro,1339,8574,2020-05-28,1-72517-127-9
2237427007592328,VISA 19 digit,918,1602,2020-06-13,0-929111-18-4
372388116371112,American Express,959,6105,2020-02-23,1-75119-892-8
6589958010610553,VISA 19 digit,5896,4656,2020-02-27,0-17-607266-7
2290734425794483,Mastercard,5046,443,2020-06-27,0-89774-857-3
4278634898499499,VISA 16 digit,2461,8116,2020-05-19,0-7560-8364-8
2719528594946392,Maestro,6346,9715,2020-03-25,0-260-82118-7
639004976549,JCB 16 digit,6178,3787,2020-07-04,1-02-915533-X
563584707829,VISA 16 digit,3814,7398,2020-01-07,1-146-45505-4
3529750405134996,JCB 15 digit,2552,1049,2020-02-12,1-79258-529-2
375391398762237,JCB 15 digit,9096,3764,2020-08-04,1-63423-103-1
3581003721201783,VISA 16 digit,2125,3285,2020-08-02,1-79187-697-8
676124879955,JCB 16 digit,9410,9145,2020-10-28,1-305-69783-9
180018612226229,VISA 13 digit,7922,3970,2020-07-09,1-84215-618-7
4250656160271696,Discover,5502,6034,2020-02-17,0-919493-15-7
3543583124722250,JCB 16 digit,4722,7535,2020-10-18,1-67943-168-4
370125498827234,Diners Club / Carte Blanche,7657,40,2020-08-17,1-4965-5504-X
584204459583,VISA 19 digit,8494,3734,2020-07-16,1-167-76164-2
2276063217076521,VISA 16 digit,1783,3977,2020-04-17,0-16-139050-1
38745182871802,Discover,4515,7509,2020-01-31,1-77874-029-4
4179383076774097,Mastercard,752,8227,2020-08-28,0-255-58153-X
6011342129051249,Maestro,3735,8930,2020-07-01,0-18-050096-1
372768276438738,Mastercard,8917,5254,2020-10-27,1-74736-934-9
3592524413837383,Mastercard,1388,5076,2020-10-07,1-65720-441-3
6535411806057907,American Express,4710,4492,2020-03-27,1-81779-629-1
2277216550820587,American Express,2337,9065,2020-10-14,1-61058-162-8
3546832388745912,JCB 16 digit,8008,9860,2020-06-20,1-252-80177-7
4978202555379587,VISA 19 digit,8713,215,2020-10-14,0-8098-1787-X
213174034877551,VISA 19 digit,3851,2459,2020-10-11,0-289-64801-7
2287695266791414,VISA 16 digit,9843,4445,2020-01-04,0-550-77835-7
3567175067150879,JCB 16 digit,2339,7757,2020-02-17,1-327-14712-2
6011085893379268,Maestro,914,4507,2020-01-23,1-73139-319-9
3500404710503726,Diners Club / Carte Blanche,9522,5155,2020-10-22,0-7329-3607-1
3521322741684171,VISA 16 digit,6500,3786,2020-04-12,1-80573-856-9
2490148487326878,Mastercard,5107,9310,2020-09-24,1-193-18917-9
4346331842790641680,Maestro,3626,7546,2020-10-26,1-4178-3683-0
4388292733766882,JCB 16 digit,131,9961,2020-02-21,1-62047-297-X
30242934238967,VISA 19 digit,5327,258,2020-10-23,1-908529-06-7
4562895181939476,VISA 16 digit,2507,9082,2020-02-01,0-478-90564-5
4325174573771667,VISA 13 digit,8881,6867,2020-09-03,1-881587-01-0
213144125453265,Maestro,5146,4485,2020-06-04,1-262-11695-3
3514331079531622,American Express,5740,5928,2020-01-25,1-5039-9646-8
4720176963390748941,VISA 16 digit,579,3254,2020-02-22,1-386-22347-6
3568416107013787,Diners Club / Carte Blanche,3265,4406,2020-06-26,1-333-23471-6
180001851720789,VISA 16 digit,4932,3929,2020-09-22,0-253-61448-1
3584817700537843,Diners Club / Carte Blanche,8631,4577,2020-09-24,1-4005-8400-0
180064093459749,Maestro,9056,7510,2020-01-16,1-145-96118-5
4593697234847,VISA 16 digit,4730,1606,2020-06-16,1-85310-097-8
4349047971198240,JCB 16 digit,2373,3832,2020-02-11,1-346-10226-0
30274059069463,VISA 19 digit,5154,429,2020-09-14,1-81613-864-9
4877168115789056,VISA 19 digit,3546,4372,2020-10-14,0-444-76629-4
630470384938,JCB 15 digit,3440,7810,2020-03-27,0-235-65652-6
3596214253310669,Discover,1463,4618,2020-09-21,1-247-01430-4
6011309388988080,VISA 19 digit,4853,6203,2020-08-18,1-192-13991-7
4751061795292405359,VISA 13 digit,3510,4068,2020-07-09,0-543-97968-7
6580446660065665,VISA 16 digit,7324,3196,2020-09-05,0-7037-4176-4
3505676144050342,VISA 19 digit,7543,7419,2020-01-15,1-01-346877-5
5397988058384385,VISA 16 digit,8947,1948,2020-03-03,1-296-59159-X
4619308101479,American Express,8520,1456,2020-11-01,1-4074-2322-3
2242096460085568,VISA 16 digit,3356,7214,2020-04-04,0-9667764-3-7
2242024091143390,VISA 16 digit,8419,3589,2020-08-07,1-75713-907-9
574138426659,Diners Club / Carte Blanche,6442,7919,2020-04-16,1-260-86255-0
30095797878315,Diners Club / Carte Blanche,6740,7681,2020-02-11,1-5256-6593-6
6011000957782240,JCB 16 digit,1402,7385,2020-09-22,1-902083-43-1
6011189931515634,VISA 19 digit,446,7779,2020-02-17,1-335-51471-6
676362253699,VISA 16 digit,3262,1585,2020-02-04,1-68789-191-5
5287649973482224,VISA 16 digit,7866,8583,2020-01-20,0-927035-73-1
630482026667,VISA 13 digit,3394,5652,2020-05-24,0-15-235983-4
3584937644737703,Diners Club / Carte Blanche,9374,5961,2020-03-09,1-336-94347-5
180085278837037,Diners Club / Carte Blanche,9220,5707,2020-07-15,1-74837-578-4
4883813181188400,Diners Club / Carte Blanche,4413,1137,2020-09-15,1-4707-7908-0
374685669516862,VISA 16 digit,5082,4754,2020-09-15,0-422-41978-8
2518340739797265,VISA 16 digit,4435,5974,2020-02-14,0-509-84369-7
6011644551935330,American Express,220,9835,2020-10-15,0-8064-0982-7
213153811616119,Discover,4927,4301,2020-08-20,1-357-28125-0
6011416440632174,VISA 16 digit,7453,9620,2020-06-02,0-89782-076-2
4928775506864328577,JCB 16 digit,9630,2958,2020-02-04,0-14-097732-5
3589397904022749,JCB 16 digit,4919,8363,2020-04-06,0-215-58360-4
4691120054219685926,VISA 13 digit,5450,4840,2020-05-11,0-9964851-9-8
4346896079766503,American Express,3078,4965,2020-07-16,0-9624550-2-4
630433410697,American Express,9606,2836,2020-04-15,1-58205-183-6
4438601748324653,VISA 19 digit,4649,404,2020-05-22,0-549-99193-X
343120380694440,VISA 19 digit,6436,8420,2020-10-15,0-8472-7010-6
376320199285147,American Express,2090,1070,2020-11-04,0-07-146545-6
4224310872556746,VISA 13 digit,6058,6340,2020-01-30,1-187-22312-3
4563629547009453,VISA 16 digit,5521,633,2020-03-06,0-209-11682-X
3551571799024465,Diners Club / Carte Blanche,7067,6016,2020-10-04,0-8168-5529-3
3547913475005730,JCB 15 digit,8706,1955,2020-09-09,0-285-97785-7
342332672799131,VISA 16 digit,3171,9831,2020-01-06,0-89364-714-4
6506444403628676,VISA 13 digit,4058,5579,2020-04-16,1-302-96121-7
213134322259359,VISA 19 digit,8937,4309,2020-03-30,1-06-019606-9
4424732640537019040,American Express,387,3851,2020-09-07,1-67677-911-6
341281572500258,VISA 19 digit,6832,1935,2020-08-28,0-401-28315-1
630498096183,American Express,297,6892,2020-03-28,1-362-26606-X
4130256019907760500,VISA 19 digit,927,3155,2020-01-21,1-4842-0387-9
342976904404579,JCB 16 digit,4297,3652,2020-03-09,0-351-87689-8
180082537592859,Maestro,1935,4904,2020-07-09,0-379-27992-4
2240448513744539,JCB 15 digit,5081,6076,2020-05-03,1-140-03416-2
4337055257887224,American Express,4674,8783,2020-03-03,0-7069-4942-0
4698865800504719,VISA 13 digit,1849,6618,2020-09-30,0-489-21456-8
30141604056941,VISA 16 digit,6583,8350,2020-04-22,0-434-41589-8
348021003739320,VISA 16 digit,4703,9136,2020-10-12,1-4895-3017-7
36263961818947,VISA 19 digit,3303,4953,2020-11-02,0-9890399-2-7
5294766364126128,JCB 15 digit,5602,8786,2020-10-20,0-19-606219-5
4163029449847296,VISA 13 digit,4995,5833,2020-06-16,1-04-452805-2
4492982328994658,VISA 16 digit,4595,7943,2020-01-19,1-4210-2344-X
4219690796141,VISA 19 digit,6216,540,2020-03-18,0-234-76676-X
213160442855941,Discover,2955,5754,2020-01-25,0-04-421165-1
6011568683853899,Discover,4365,7796,2020-08-12,0-636-72575-8
574092692619,Diners Club / Carte Blanche,7717,4726,2020-04-22,0-05-574396-X
4337225323498773,JCB 16 digit,5465,6990,2020-01-15,0-04-668944-3
4203778261673,Mastercard,318,4720,2020-10-25,1-85568-249-4
4638974662994068,Discover,1365,9150,2020-01-20,0-906823-08-0
4408079483164459,VISA 16 digit,9328,6020,2020-05-12,0-676-83925-8
180084459584666,VISA 13 digit,1992,6799,2020-07-26,0-11-360433-5
6580236687493473,VISA 16 digit,4838,2436,2020-07-17,1-287-56116-0
4969406054176930831,Maestro,9916,4258,2020-10-28,1-58670-267-X
4115905431079445,Mastercard,1819,7672,2020-11-04,0-7603-0157-3
3531982487344831,Discover,2148,4418,2020-07-10,1-76857-771-4
213142687519853,American Express,1001,1091,2020-02-17,1-5034-4465-1
2247638101225791,VISA 16 digit,8418,5630,2020-01-09,1-63887-151-5
060466806951,Diners Club / Carte Blanche,4482,1222,2020-03-17,0-7920-0613-5
3517760197766008,Diners Club / Carte Blanche,9657,3523,2020-02-14,0-598-68698-3
4411543359033,Discover,2739,6100,2020-10-08,0-7330-1983-8
379826634068200,JCB 16 digit,8781,2834,2020-02-13,0-583-77852-6
676180854058,JCB 16 digit,9380,9862,2020-05-07,1-971426-79-2
4709632630523,Discover,4894,4927,2020-05-18,1-274-43179-4
213104333036864,American Express,7440,7910,2020-07-31,1-917151-09-8
180033658458636,JCB 16 digit,5400,1543,2020-03-09,0-371-10692-3
3502398086524563,VISA 13 digit,5941,7746,2020-01-04,1-08-457471-3
36431409107450,VISA 19 digit,9531,400,2020-09-26,1-68108-179-2
30527999450865,Diners Club / Carte Blanche,4294,3599,2020-08-18,1-368-92899-4
4175144481668173,Discover,4589,4083,2020-10-21,0-9998357-1-8
4754993949667577782,VISA 16 digit,5518,1759,2020-06-25,1-55227-281-8
3522244024559368,VISA 19 digit,8349,6071,2020-02-10,0-239-78567-3
3567718571277454,JCB 15 digit,5755,2250,2020-04-04,1-67419-177-4
30348038925902,American Express,277,6393,2020-02-27,1-4328-6234-0
676297485481,VISA 13 digit,9772,615,2020-01-11,0-681-35061-X
6011179076541800,JCB 16 digit,1014,6814,2020-07-12,0-365-89615-2
4272807385381,VISA 16 digit,813,5508,2020-09-11,1-889157-37-6
4533821133102142,Discover,7765,1050,2020-02-16,1-890698-38-5
3542958756881825,VISA 16 digit,6408,221,2020-01-08,1-05-309873-1
376984992504465,Discover,1058,8447,2020-06-12,1-4741-5641-X
630463666713,JCB 15 digit,9749,3652,2020-08-03,0-207-91646-2
3533830212863286,JCB 16 digit,6366,4390,2020-06-15,0-16-171525-7
4936993090239564,VISA 13 digit,636,3801,2020-09-14,1-70193-557-0
2713455913204426,VISA 16 digit,2662,9759,2020-09-22,0-9670303-8-2
3522675822472819,Discover,8993,6224,2020-07-18,0-12-299709-3
180023957188265,VISA 16 digit,8589,9478,2020-02-23,0-647-29292-0
4524371760492,VISA 13 digit,9223,1289,2020-10-20,0-7893-9556-8
3568722704043154,VISA 16 digit,8588,1410,2020-01-22,1-59841-178-0
4939274858823,VISA 19 digit,9371,4716,2020-03-08,0-85263-311-4
38617089079849,Maestro,6784,5825,2020-07-24,1-151-85584-7
213168677704346,VISA 16 digit,7188,1700,2020-04-13,1-4062-9278-8
30460079036240,VISA 13 digit,2941,9434,2020-01-31,0-425-32108-8
4067317704893,Discover,767,8858,2020-08-17,1-102-83237-5
6011056115941813,VISA 16 digit,9408,6989,2020-02-18,0-405-15228-0
630483670497,Discover,2697,8584,2020-01-13,1-86924-041-3
3541063047983976,JCB 15 digit,6515,8822,2020-02-25,0-06-424565-9
4622460757376278,JCB 16 digit,2656,3063,2020-04-05,0-7898-0409-3
4325220021432335,Maestro,9365,7360,2020-04-28,0-348-80157-2
36201846615112,American Express,346,4590,2020-10-19,1-03-119506-8
376829852940277,Maestro,8826,7290,2020-10-02,0-295-91973-6
4101595687378005703,VISA 16 digit,2724,7237,2020-04-12,0-9521837-1-4
502027355754,JCB 16 digit,8811,7395,2020-09-11,1-64474-796-0
4226173834968,VISA 19 digit,4910,2076,2020-07-17,0-18-735218-6
5123534712175040,Mastercard,4699,569,2020-01-30,1-892637-71-5
4409266771450570,Mastercard,2341,3615,2020-01-11,1-239-38524-2
4218553433812359,Maestro,4857,8270,2020-03-10,0-9841154-7-1
4497682091727,American Express,8149,9634,2020-07-19,0-570-66032-7
630442159103,American Express,8666,6155,2020-10-18,0-9650744-0-4
30044948510393,Mastercard,7511,1263,2020-03-31,1-876716-92-4
4954773590348900,Diners Club / Carte Blanche,3566,7626,2020-10-22,1-379-34524-3
180041375723125,VISA 13 digit,6834,8586,2020-08-05,1-78488-647-5
3513225681811136,JCB 16 digit,901,8157,2020-06-06,1-326-05279-9
3594879374773649,JCB 16 digit,6577,4559,2020-10-27,0-7294-8661-3
3557992443615454,JCB 16 digit,3515,370,2020-06-07,1-366-36692-1
3517719044820830,VISA 19 digit,4813,4578,2020-06-11,0-7342-1674-2
6011864914796563,VISA 19 digit,9875,8456,2020-10-28,0-912517-29-8
342913761329953,Mastercard,3204,3637,2020-07-06,1-344-13975-2
503866017919,American Express,3125,5818,2020-01-13,1-4043-2291-4
4321171693894,VISA 13 digit,8640,130,2020-10-29,0-10-049720-9
378590235013731,Mastercard,4935,9987,2020-04-19,0-480-35661-0
4021489957773114,VISA 13 digit,8079,5565,2020-07-14,1-67814-995-0
341201740751112,VISA 13 digit,5794,5973,2020-07-17,1-85147-035-2
3503197193187424,VISA 19 digit,4786,2602,2020-01-25,1-4554-4772-2
5477738258663143,Discover,7412,9619,2020-07-28,1-07-295596-2
372021692099316,Mastercard,8136,3432,2020-10-27,0-211-03967-5
2299152862398794,VISA 16 digit,867,9780,2020-02-06,0-482-69550-1
36973786317285,JCB 16 digit,4705,1213,2020-07-22,1-85558-677-0
3545245877762366,Maestro,1693,8949,2020-08-08,0-318-41409-0
4217427367889,JCB 15 digit,9048,8844,2020-11-02,0-523-05136-0
5301151988462103,VISA 13 digit,4618,4361,2020-10-29,0-2285-5150-1
6011926335084117,VISA 16 digit,1094,2543,2020-04-05,0-00-969543-5
676328931214,Discover,5511,4640,2020-05-26,0-7146-8959-9
2290794070781904,Mastercard,1986,9556,2020-05-10,1-74820-178-6
3557140265456405,VISA 19 digit,9963,714,2020-07-19,1-64110-875-4
4167184311088309,VISA 19 digit,4397,4261,2020-01-02,0-09-707289-3
566701262974,JCB 15 digit,2616,8970,2020-07-22,1-953266-80-0
30135440343752,Diners Club / Carte Blanche,4846,2124,2020-04-24,1-08-343909-X
4805215123055108,VISA 13 digit,835,1429,2020-03-26,1-288-34862-2
2391495309059975,American Express,3697,6955,2020-02-04,1-03-282095-0
3507086238788575,Diners Club / Carte Blanche,3430,428,2020-05-07,1-380-32462-9
3549797966170154,JCB 16 digit,4594,1879,2020-08-26,1-4283-7234-2
6011633061331486,American Express,6549,9519,2020-03-26,0-7163-4062-3
4102307484709,VISA 16 digit,9970,9204,2020-04-12,1-63496-911-1
2289393933489327,VISA 16 digit,7073,5660,2020-10-13,0-14-504672-9
3504774922717488,VISA 19 digit,2569,5810,2020-11-04,1-9845-4899-9
630435979962,VISA 19 digit,2455,9704,2020-05-23,0-423-40156-4
348312259921849,Mastercard,4335,5275,2020-05-12,1-01-827738-2
3593374952802391,JCB 15 digit,9581,2051,2020-01-26,1-58654-032-7
180007175839601,Mastercard,1483,7966,2020-04-01,0-686-27155-6
502040843802,VISA 19 digit,5211,7109,2020-05-17,0-7879-6362-3
4154739099946898,Mastercard,412,1046,2020-03-27,0-562-68865-X
4691490622970852,VISA 13 digit,3675,9650,2020-03-17,0-417-86429-9
5290205647120867,JCB 16 digit,9333,2285,2020-10-13,1-71974-358-4
4037881888273,JCB 15 digit,3884,677,2020-07-11,1-4058-3556-7
376745030087379,JCB 15 digit,7614,5995,2020-08-18,1-68169-359-3
342087768971388,Maestro,6845,3135,2020-09-25,0-693-30739-0
213142580755265,American Express,3384,392,2020-02-11,1-881036-82-0
4111558316908016,VISA 13 digit,3032,1838,2020-04-05,0-7892-5666-5
4928703110556163413,VISA 13 digit,6114,8828,2020-08-05,1-102-20296-7
345770327421022,Diners Club / Carte Blanche,6262,8109,2020-02-25,1-5258-1685-3
502077945561,JCB 16 digit,3025,2964,2020-10-08,0-401-94484-0
4140096994523984,Discover,9791,6118,2020-08-07,0-04-213100-6
3502357467263910,Maestro,6754,8057,2020-08-14,0-9902131-1-0
374695452648558,VISA 16 digit,7391,2537,2020-04-01,0-8211-8867-4
4560342527135099,Diners Club / Carte Blanche,4592,6577,2020-10-16,0-408-10343-4
6011100967005176,Mastercard,6930,5831,2020-11-02,0-514-71955-9
3562182763354412,Maestro,6954,725,2020-05-02,0-7913-6104-7
342373840073165,JCB 15 digit,1296,3519,2020-05-07,1-366-38485-7
6542700091351624,American Express,4542,9246,2020-01-28,0-9834621-1-9
6011442277465702,Discover,8914,3670,2020-06-10,0-14-173545-7
4239895424141,JCB 16 digit,536,6479,2020-02-04,1-78885-815-8
6531884088004512,Discover,556,1384,2020-08-18,0-05-200892-4
342671321640695,VISA 19 digit,7361,537,2020-04-21,1-871991-95-1
6578667361856003,Discover,1034,9829,2020-09-20,1-298-10121-2
586338394156,VISA 16 digit,7713,6614,2020-06-04,0-12-617039-8
4191940282042,VISA 16 digit,7687,2085,2020-06-06,0-7760-6419-3
213153857435887,Discover,5708,8990,2020-06-02,1-123-03126-6
4833667294910006,Discover,4491,3474,2020-05-09,0-918381-27-4
3507064533371892,Discover,1583,3838,2020-02-11,0-923899-83-9
30415540695438,Discover,2378,882,2020-01-14,0-218-20575-9
4731462638936415029,VISA 16 digit,3880,329,2020-09-22,1-159-26264-0
370652759332885,Discover,8027,8182,2020-01-12,1-163-62803-4
3591072917377135,Mastercard,1368,8844,2020-10-18,0-7591-1890-6
4601936211268,Maestro,4715,7512,2020-08-16,0-410-91860-1
180071848248681,Discover,9562,3155,2020-06-22,1-7374066-9-1
371177919130606,VISA 19 digit,2259,9920,2020-07-20,0-9559122-1-0
180082548630573,Diners Club / Carte Blanche,6618,3661,2020-10-04,1-319-24890-X
4423333373095088,VISA 16 digit,2243,7934,2020-02-27,0-249-29474-5
060404645719,VISA 16 digit,5639,9161,2020-07-27,0-398-62640-5
676317650247,Maestro,7956,4646,2020-09-18,0-8223-6959-1
6011511993946136,JCB 16 digit,6407,5552,2020-08-17,0-7084-7733-X
6011242286074226,Maestro,5707,8221,2020-06-04,0-600-84210-X
4486718098475538,JCB 15 digit,9952,4568,2020-05-28,1-190-57270-2
3592757346718797,JCB 15 digit,8301,5112,2020-05-22,1-75212-204-6
38187543746565,VISA 19 digit,8701,9466,2020-09-20,1-4584-9180-3
060487820478,JCB 15 digit,4456,1693,2020-09-21,1-4218-2932-0
3558226454571952,American Express,5246,3913,2020-10-27,1-184-14128-2
347590612856577,JCB 16 digit,266,5747,2020-07-18,0-274-71857-X
3558754764105021,Maestro,69,2895,2020-04-24,0-248-77280-5
4627016004230109,Maestro,6801,6369,2020-10-23,0-419-80244-4
340224254745925,JCB 16 digit,1811,2233,2020-10-27,0-949663-17-4
38119382949778,JCB 15 digit,975,7699,2020-03-10,0-207-07947-1
3597348513832101,VISA 13 digit,1742,5654,2020-07-26,1-79001-669-X
4207303952373887127,VISA 13 digit,8002,8287,2020-06-23,1-64263-619-3
343344334648167,VISA 13 digit,2323,7973,2020-08-24,1-5428-0522-8
30403586122418,VISA 16 digit,2526,5952,2020-05-25,0-03-660687-1
3505310990331313,JCB 16 digit,6026,8736,2020-04-21,1-955803-86-2
3506172839996501,Discover,2965,2827,2020-04-01,0-8268-2992-9
373445667800136,JCB 16 digit,8578,3609,2020-07-06,0-915200-08-2
6530925072562634,Discover,8775,2168,2020-03-31,0-7657-8242-1
6011467598617343,Discover,8092,2967,2020-04-23,1-162-02624-3
4821725939086205505,Mastercard,3220,5815,2020-08-16,1-65486-298-3
3570763483000375,Discover,9043,5240,2020-04-21,1-372-25860-4
3511202300804216,VISA 16 digit,9031,9230,2020-06-01,1-5089-1905-4
639053647751,Maestro,6096,3741,2020-09-08,1-108-75177-6
6011147241154239,VISA 16 digit,3228,1559,2020-04-04,1-155-14864-9
3503814083605477,JCB 16 digit,6650,7426,2020-05-22,0-438-99697-6
4896994485318613625,Maestro,9708,3836,2020-07-30,1-276-85022-0
4646932937804,JCB 16 digit,6718,3847,2020-10-31,1-968977-05-8
6572895606619730,Diners Club / Carte Blanche,8760,8701,2020-06-30,0-576-02312-4
4750300478038860,VISA 19 digit,1282,4367,2020-06-24,1-4813-4068-9
346822188365886,VISA 16 digit,6004,5018,2020-05-02,1-160-67568-6
4103082043868,VISA 16 digit,9652,5651,2020-04-07,0-05-682089-5
349661078660148,Maestro,4692,7831,2020-10-02,1-57383-100-X
502082881751,VISA 16 digit,3355,9775,2020-02-02,1-168-07489-4
36190044015607,Mastercard,7670,6014,2020-10-04,1-4600-6130-6
3561263670980571,VISA 16 digit,1063,4841,2020-11-02,0-7885-6929-5
4438657482038,American Express,5627,5231,2020-04-23,1-921311-18-5
4071216964814,Maestro,8442,7699,2020-10-30,1-79488-369-X
4290784467802453049,VISA 19 digit,4041,1188,2020-04-01,1-146-13999-3
4092851202523529563,Maestro,1556,2934,2020-04-11,1-993390-87-1
344541523218285,VISA 16 digit,684,3014,2020-01-09,0-15-723661-7
4077798296773558,JCB 16 digit,5581,6356,2020-07-25,0-9960197-2-3
4550086812923220,American Express,2264,77,2020-05-20,1-01-936279-0
4023506322802126,American Express,8927,2423,2020-10-18,1-56517-413-5
3549720217086821,American Express,6478,930,2020-07-17,0-454-04087-3
630456968928,JCB 15 digit,7058,2703,2020-04-14,1-332-79737-7
6011165691923333,VISA 19 digit,8576,7694,2020-02-21,0-620-56762-7
572382928651,JCB 15 digit,8717,5937,2020-08-25,0-379-94082-5
30538218212937,Mastercard,184,3643,2020-02-13,0-598-70997-5
30112969478038,JCB 16 digit,6758,9822,2020-09-17,1-916925-26-X
4440284045942919,American Express,1672,1754,2020-04-10,0-87463-708-2
36529012071532,Diners Club / Carte Blanche,2901,1134,2020-07-03,1-190-28449-9
4895881956840,VISA 16 digit,8054,7597,2020-03-28,1-69901-292-X
6569733805711153,VISA 13 digit,9168,9204,2020-06-17,0-534-59906-0
4708318158640097645,VISA 19 digit,3487,4259,2020-10-06,0-551-92886-7
213111422767606,JCB 16 digit,2048,7911,2020-10-30,1-284-06878-1
501864066367,VISA 13 digit,4607,4116,2020-05-16,1-69763-113-4
060465878100,Maestro,4557,4377,2020-02-17,1-950330-02-8
3591048033003151,VISA 16 digit,9292,3273,2020-06-02,1-197-45762-3
639034161336,JCB 15 digit,1528,1724,2020-03-19,1-4489-0957-0
4839504677599,Maestro,7972,4905,2020-03-01,1-7335978-3-2
4562986024409,JCB 16 digit,1106,9772,2020-02-29,1-324-15170-6
30538273709892,Maestro,4494,9462,2020-08-11,0-86126-361-8
4594597363677067810,Diners Club / Carte Blanche,4112,3046,2020-07-04,0-7021-2207-6
213143868913667,VISA 19 digit,5769,8050,2020-09-27,1-4831-4696-0
4335806712508140,Maestro,7169,442,2020-05-15,1-04-125400-8
6508637401077725,JCB 16 digit,2156,230,2020-06-10,0-410-81973-5
060403159845,Maestro,3276,5930,2020-03-13,0-15-067587-9
6011329013351215,VISA 19 digit,7091,5309,2020-02-08,1-195-35399-5
4960623007300766,Mastercard,3762,3459,2020-10-17,0-454-08365-3
30373516353005,Maestro,1408,6777,2020-01-23,1-02-586867-6
3562877511820834,VISA 16 digit,4231,4684,2020-06-14,1-192-70922-5
5208993498221394,VISA 16 digit,7757,7247,2020-02-15,1-60805-880-8
3504375848240421,VISA 19 digit,3597,2043,2020-10-16,0-939079-86-0
2463716094791834,JCB 16 digit,7357,635,2020-03-17,1-61702-897-5
675987920930,American Express,615,3549,2020-04-15,0-431-64012-2
349484620395695,VISA 13 digit,2790,7246,2020-09-30,1-00-504370-1
6011846740294376,Mastercard,815,2998,2020-04-10,0-07-358450-9
4384814697342,American Express,8385,5270,2020-02-01,0-661-03939-0
213141142931935,Diners Club / Carte Blanche,7606,4687,2020-02-19,0-6480053-8-0
4537442264457365,Diners Club / Carte Blanche,7206,6775,2020-03-23,1-77475-292-1
3576564292772277,VISA 16 digit,345,1661,2020-10-05,0-655-78868-9
180042283976508,JCB 16 digit,8509,9201,2020-04-03,1-9749-0107-6
503839269266,JCB 15 digit,452,5786,2020-11-04,0-7476-7998-3
180051594312287,VISA 16 digit,8038,4403,2020-02-08,1-283-08102-4
4966009482053409776,Mastercard,6468,3219,2020-03-17,1-4222-8134-5
213133602393169,Mastercard,3350,9172,2020-07-19,0-541-61417-7
2717614006998023,Maestro,4550,4782,2020-03-18,1-08-988073-1
3509393568558109,VISA 19 digit,3080,7635,2020-01-14,0-2281-9990-5
213174951235031,American Express,8271,7201,2020-04-15,1-122-30858-2
213152952873166,JCB 16 digit,8014,2530,2020-10-25,1-00-417716-X
6011555069333620,Mastercard,5947,1309,2020-03-28,0-7493-1806-6
3511099018390920,VISA 16 digit,929,4510,2020-03-18,1-392-25026-9
3528419627248429,Maestro,7230,2276,2020-02-11,0-529-51097-9
4460575107752746032,Discover,521,6466,2020-05-06,1-4728-6429-8
503801271878,JCB 16 digit,4929,8997,2020-01-29,0-257-94818-X
30011390533637,JCB 16 digit,4308,1950,2020-09-19,1-166-73587-7
4852668127483,Diners Club / Carte Blanche,4249,4007,2020-03-17,1-314-11857-9
3574799499045315,Diners Club / Carte Blanche,4469,8679,2020-08-27,1-896866-55-7
4625507131894,VISA 16 digit,6990,1538,2020-08-28,1-78150-565-9
3538904841241498,JCB 15 digit,1084,5826,2020-09-13,0-415-83610-7
4892967234406651721,American Express,8872,9643,2020-10-19,1-910696-70-6
502053147802,VISA 19 digit,1666,5174,2020-08-25,0-350-96460-2
3504690043306458,VISA 16 digit,506,632,2020-02-11,0-09-333326-9
4960220329203214,VISA 16 digit,9515,2626,2020-10-30,1-07-956004-1
3595744857741100,JCB 16 digit,955,9202,2020-09-15,0-12-878848-8
5486348088143073,Mastercard,7438,2662,2020-01-01,1-125-68058-X
213178517450851,JCB 16 digit,6118,4256,2020-01-04,1-341-50900-1
4436151579580,Maestro,9315,394,2020-08-01,0-579-63646-1
4696816028832,Discover,6333,6215,2020-09-05,1-08-229755-0
4997250756243596,Discover,4533,7655,2020-08-01,1-202-99032-0
4591051759611809,JCB 15 digit,3378,7281,2020-02-16,0-7028-5699-1
4105592456756442795,JCB 15 digit,7534,1124,2020-09-23,0-8378-4239-5
4653867195150,JCB 16 digit,9835,1878,2020-02-05,0-287-72584-7
4801572651889561,Mastercard,7520,6088,2020-04-03,0-526-85982-2
578811400261,Discover,399,9485,2020-05-11,0-18-869117-0
4671879623625156147,VISA 16 digit,8840,7402,2020-05-26,0-12-592450-X
3503148638476070,JCB 16 digit,3015,3377,2020-06-27,1-4667-3092-7
4319157918981453,JCB 16 digit,8258,7939,2020-01-08,0-326-14112-X
3539522581209134,JCB 15 digit,1004,7660,2020-01-29,1-60187-639-4
3577508903090594,VISA 13 digit,7554,9867,2020-03-31,0-236-37800-7
373938176620714,Mastercard,3053,9465,2020-01-12,0-89968-801-2
4587625699907447,JCB 16 digit,9812,3277,2020-04-19,0-04-310705-2
4999950904490866995,JCB 16 digit,9475,6530,2020-04-23,1-959809-00-8
4921550868288798,Diners Club / Carte Blanche,740,102,2020-04-30,1-55060-223-3
3585171702917432,JCB 16 digit,1923,1127,2020-05-20,0-9873820-8-X
4701762740183461,VISA 19 digit,8134,7264,2020-08-20,1-947435-68-X
4260509240116994413,Discover,4089,6872,2020-03-17,0-7891-6472-8
2241847552103789,VISA 19 digit,2198,2992,2020-06-08,0-00-571960-7
4002067410690704,JCB 16 digit,5698,1884,2020-09-09,0-8041-5548-8
6550708349197441,American Express,7063,590,2020-03-23,1-7345427-8-0
348703863800678,JCB 16 digit,8161,4058,2020-02-16,0-10-152146-4
639056339489,Maestro,9062,7409,2020-09-13,0-7728-6191-9
4210834891795304,Maestro,6463,6909,2020-09-18,1-82729-570-8
3598270291088764,Maestro,1566,4035,2020-02-18,0-672-61059-0
581479886466,Discover,3462,8056,2020-06-09,0-15-523194-4
2249403244894880,JCB 16 digit,9705,291,2020-01-24,1-82046-259-5
38259247943804,JCB 16 digit,2488,8684,2020-08-24,1-967992-86-X
340396526980157,JCB 16 digit,5476,1949,2020-02-12,1-4252-7121-9
5576058960945054,VISA 16 digit,958,8755,2020-02-23,0-9547020-6-9
5152853719310101,VISA 19 digit,9947,8980,2020-03-05,1-955658-95-1
4757837449207,JCB 16 digit,1617,5726,2020-02-15,1-5294-8506-1
213171034434417,VISA 16 digit,4418,2530,2020-01-11,0-7532-3814-4
30015591765930,VISA 13 digit,5567,6330,2020-04-20,1-129-21991-7
4538628114591895,Maestro,2900,3750,2020-11-01,0-404-57314-2
3518263040635610,American Express,7867,3847,2020-09-18,1-259-57976-X
3598870143651428,Mastercard,9251,8265,2020-02-01,0-8202-6021-5
4324778947580,VISA 16 digit,3018,5353,2020-01-28,0-8235-3414-6
180072197831747,American Express,8834,3851,2020-03-25,0-634-71571-2
180055113422956,VISA 16 digit,6120,1984,2020-09-17,0-7727-2916-6
4871459551677,VISA 16 digit,9905,9553,2020-09-13,1-00-716554-5
2700465331872923,VISA 16 digit,418,4729,2020-02-04,0-427-58872-3
6011155797380132,Diners Club / Carte Blanche,4012,7683,2020-04-17,0-402-13850-3
4873013154844806,JCB 16 digit,9854,7187,2020-05-01,0-328-18375-X
4701147223011126,Mastercard,2673,3215,2020-01-08,1-205-48895-2
30441720344001,Discover,414,9592,2020-06-08,0-10-073877-X
3575886740481891,Maestro,5116,6408,2020-03-07,0-09-862409-1
2706004046131046,VISA 19 digit,8850,7429,2020-07-14,0-917839-54-4
3548590692299277,VISA 16 digit,5620,5146,2020-01-07,0-7539-2487-0
4363915720590866989,Discover,7872,4152,2020-03-04,1-00-740202-4
4049239518972332917,VISA 16 digit,187,8740,2020-05-30,0-07-254964-5
30203347440418,Diners Club / Carte Blanche,2895,3690,2020-04-18,0-85290-970-5
3583685984901709,Diners Club / Carte Blanche,7342,9573,2020-08-06,0-314-35649-5
4831592264901,Diners Club / Carte Blanche,1268,112,2020-01-29,1-70763-653-2
30366862003554,JCB 16 digit,1964,7012,2020-03-09,0-11-692236-2
4243136657732807,VISA 16 digit,9476,9752,2020-04-11,1-08-564859-1
6502019150721348,JCB 15 digit,260,2918,2020-04-04,1-303-27098-6
639041831475,JCB 16 digit,8699,9200,2020-06-03,0-18-135321-0
38510545884896,VISA 13 digit,8223,9121,2020-09-27,0-11-170167-8
4446656018012935029,JCB 16 digit,6516,1656,2020-10-26,0-00-485071-8
3518718873353359,VISA 16 digit,6214,3628,2020-05-04,1-357-64589-9
4369183782682825333,Mastercard,5407,2434,2020-03-29,0-937806-89-7
5353491466873000,American Express,40,6029,2020-03-02,0-251-58972-2
4104239812676295,Discover,6748,8029,2020-08-19,0-7974-8221-0
4165660958096350,Maestro,8410,8959,2020-08-23,0-05-318507-2
4423947623015043453,VISA 16 digit,449,1184,2020-02-28,1-03-757020-0
4549045233656664,JCB 16 digit,1943,450,2020-06-18,0-908332-73-4
3539633373334780,JCB 16 digit,2491,6916,2020-05-30,1-958215-13-9
3591267601406717,JCB 16 digit,3233,912,2020-03-17,0-87401-844-7
30563644029309,American Express,9505,1178,2020-05-17,0-942473-70-1
4841926251888101436,JCB 16 digit,8072,9386,2020-04-30,1-897991-58-4
3514674800137437,VISA 16 digit,2160,3787,2020-10-14,1-4960-9652-5
6011123609971084,Mastercard,425,885,2020-08-25,1-07-891155-X
587139348417,JCB 15 digit,4885,5971,2020-04-17,0-658-80018-3
30516153022974,Maestro,6197,6907,2020-01-18,0-419-54783-5
4490644255274,VISA 19 digit,2315,2642,2020-05-31,0-7790-5134-3
30348807429326,VISA 16 digit,31,5146,2020-09-27,1-4885-3936-7
3547574487889360,JCB 15 digit,1489,4604,2020-02-02,0-924176-78-4
2238989133485049,Diners Club / Carte Blanche,7903,9473,2020-06-16,0-541-14846-X
4689045448272499181,JCB 16 digit,4537,8579,2020-08-16,1-4053-6153-0
3533581380957869,VISA 13 digit,8013,6046,2020-02-01,1-81748-369-2
4746901538771212548,JCB 16 digit,5416,9876,2020-02-12,1-4094-1683-6
347680800047186,Diners Club / Carte Blanche,1271,7924,2020-08-10,1-5399-8702-7
180003184972749,Maestro,6841,565,2020-03-31,0-665-60062-3
3573497519171051,Discover,5377,1734,2020-01-19,0-7780-4589-7
4977345952014553,JCB 15 digit,8806,7387,2020-05-15,0-87035-438-8
4877435694895,Discover,6749,4953,2020-05-25,0-19-278769-1
2260179391338392,Discover,9335,1233,2020-03-20,0-7238-9916-9
213104507858226,Maestro,8907,9051,2020-04-23,1-81833-072-5
30457874220177,American Express,2902,2839,2020-09-24,0-11-941051-6
6011244743776062,VISA 16 digit,8497,6870,2020-07-19,0-567-64791-9
3525634266517180,VISA 16 digit,2842,5254,2020-05-27,1-333-40494-8
6595255775890377,JCB 16 digit,775,7136,2020-10-21,1-879492-65-2
3576814523164665,JCB 16 digit,4244,8670,2020-09-02,1-69045-947-6
4062695486940,JCB 15 digit,2288,8662,2020-02-23,0-677-43260-7
5323508857571138,JCB 16 digit,9943,7988,2020-03-30,1-68053-517-X
2252969559403784,JCB 15 digit,5157,3617,2020-06-16,1-877275-00-X
3534754223098717,Diners Club / Carte Blanche,8533,3039,2020-08-30,0-925633-48-8
2507638089314893,JCB 16 digit,5944,2994,2020-07-01,0-914687-81-6
4045317740743809,Discover,1269,7009,2020-02-23,0-7585-9268-X
38984313674963,JCB 15 digit,1011,542,2020-09-07,1-258-64858-X
372496706014800,JCB 16 digit,4006,4581,2020-04-02,0-275-10214-9
4146637845100537212,Discover,275,7790,2020-08-08,1-74246-677-X
4196340871421687,Diners Club / Carte Blanche,1337,7002,2020-01-10,1-117-66170-9
3587208648715757,VISA 16 digit,9147,620,2020-07-30,0-372-37946-X
4556883315425305,American Express,2657,3442,2020-05-13,0-7917-5689-0
4255035959886037,JCB 16 digit,8592,5718,2020-09-28,1-935086-65-0
4553965058570190434,VISA 16 digit,3656,603,2020-02-12,1-63196-280-9
2428435212282311,Maestro,4732,8244,2020-08-25,0-929745-77-9
4068859096503826,Discover,3939,7309,2020-02-04,0-321-88139-7
4934224318044575746,VISA 16 digit,6785,4828,2020-02-18,1-326-21234-6
3551761765173293,VISA 19 digit,3207,6791,2020-05-05,0-360-25507-8
3529822980386166,Maestro,9632,7601,2020-04-19,1-07-868223-2
3523325278681849,VISA 13 digit,4486,4566,2020-01-17,1-70438-415-X
30126199482594,VISA 16 digit,7431,8252,2020-02-21,1-71872-797-6
6011422787273945,JCB 16 digit,7264,2808,2020-09-16,1-4925-1471-3
30487483507037,VISA 13 digit,1797,299,2020-04-17,0-7749-5992-4
3549881919026307,VISA 16 digit,4402,2478,2020-04-24,1-78643-218-8
2700830846711975,VISA 16 digit,1764,8037,2020-01-21,0-299-34902-0
4595185530511445,JCB 16 digit,2230,4555,2020-04-02,1-80187-462-X
4599763774225939176,Mastercard,8625,4316,2020-10-08,1-308-94482-9
3506899827936061,American Express,7723,1004,2020-08-29,1-58287-583-9
4975574549936,American Express,7108,3908,2020-04-01,0-8484-0418-1
3538264595230365,Diners Club / Carte Blanche,8001,6906,2020-02-23,0-350-01681-X
4334416535561192,VISA 16 digit,6167,7031,2020-02-17,0-930927-11-7
4296071990202802,Discover,4450,4735,2020-01-18,0-268-30166-2
6011698724883165,VISA 16 digit,3912,1834,2020-10-02,0-688-70635-5
4893832155990276,JCB 16 digit,8269,5971,2020-02-27,0-18-472464-3
3567325439864679,VISA 19 digit,9580,4660,2020-01-24,1-944727-32-9
180033198965124,VISA 16 digit,8103,7573,2020-01-20,0-380-43354-0
4932853347674985,Maestro,4643,1701,2020-08-11,0-431-60735-4
3525282634196921,Discover,9672,3528,2020-08-01,1-4249-6481-4
180072235938025,VISA 16 digit,8265,4976,2020-01-15,1-4570-9905-5
3560084536415136,VISA 19 digit,4306,6008,2020-05-13,0-01-027260-7
30065937316278,VISA 16 digit,7019,6057,2020-09-29,0-08-139628-7
4062726939345388282,VISA 16 digit,3600,6103,2020-01-27,0-407-84960-2
180092933437567,VISA 19 digit,3519,4521,2020-02-04,0-7593-2305-4
213160119911381,Mastercard,961,4385,2020-10-08,0-328-35977-7
3519387445043663,American Express,1259,2519,2020-09-08,0-09-660527-8
2278532540967018,JCB 15 digit,3165,1742,2020-07-03,1-57312-458-3
4222516199797,VISA 16 digit,575,3297,2020-03-11,1-5125-5115-5
3533168703536289,American Express,7322,7801,2020-07-15,1-965298-80-X
180067392779386,VISA 16 digit,986,7630,2020-06-06,0-15-697694-3
346127587890710,Mastercard,121,1674,2020-06-08,1-927253-83-7
345409950336567,Discover,6223,3782,2020-02-26,1-08-921508-8
4256267347524413,Maestro,3683,3495,2020-11-02,1-282-85652-9
4006336519270,JCB 16 digit,4619,2974,2020-05-30,0-303-78088-6
30479161367420,Discover,5748,9183,2020-03-13,0-13-264931-4
676257506995,Mastercard,2916,2681,2020-07-20,0-414-70651-X
4429705079652,Diners Club / Carte Blanche,2956,8085,2020-09-23,0-11-162171-2
4130745606311083914,Discover,4895,7746,2020-04-23,1-78405-233-7
30565003854326,JCB 16 digit,1707,929,2020-01-13,1-01-060778-2
4128786722707,American Express,2726,5630,2020-10-27,1-56753-067-2
4977903118383,JCB 15 digit,3349,4524,2020-04-19,1-05-891103-1
3530135154223033,American Express,2290,3553,2020-08-02,0-218-51086-1
30545572172680,VISA 13 digit,4163,3185,2020-02-08,0-471-75260-6
4348527543234,VISA 19 digit,8790,8903,2020-09-15,1-04-826822-5
6011639516833992,JCB 16 digit,201,8021,2020-02-09,0-382-08696-1
3578112743546391,Maestro,8105,4828,2020-03-09,0-7246-9406-4
4959751570444266,VISA 16 digit,8260,5647,2020-06-02,1-258-87056-8
4655683504960,Mastercard,6535,7547,2020-03-04,1-64470-503-6
213187518954175,VISA 19 digit,8246,8919,2020-05-09,1-5496-4053-4
4978996013431118,American Express,5369,7958,2020-08-05,0-16-813135-8
4306478128533693,JCB 15 digit,8880,9068,2020-05-03,1-213-38517-2
3551842275441485,VISA 16 digit,1518,614,2020-01-04,1-07-963801-6
4691937143741759847,Maestro,8732,3120,2020-01-11,0-8081-4052-3
2685256296308733,VISA 19 digit,8048,5553,2020-02-27,1-00-173973-6
3593824099003881,Diners Club / Carte Blanche,2761,636,2020-09-18,0-408-98653-0
563142320362,JCB 16 digit,9758,2588,2020-02-07,0-675-88537-X
213129877849919,VISA 16 digit,1958,768,2020-05-31,0-08-448771-2
4746348902026099,Discover,6201,5540,2020-07-26,0-311-58945-6
501848400252,JCB 16 digit,9643,362,2020-04-29,0-07-537889-2
630469021962,VISA 13 digit,1867,1748,2020-02-24,1-4280-3999-6
180046986859440,Mastercard,5789,7596,2020-08-06,1-297-44814-6
4913879995719258526,Discover,2931,9173,2020-11-04,1-368-30895-3
341334981973580,Diners Club / Carte Blanche,2075,1162,2020-09-10,1-226-99265-X
2555609947878370,VISA 13 digit,994,8169,2020-10-17,0-8211-6100-8
371504824960126,Diners Club / Carte Blanche,9406,3830,2020-10-31,1-269-08393-7
6501482510048797,Discover,9660,1739,2020-06-30,1-234-01334-7
6564952090326007,Discover,7408,5504,2020-01-10,0-86407-361-5
4813719319005207,VISA 16 digit,4349,5267,2020-07-03,1-84532-493-5
377089056457672,Diners Club / Carte Blanche,9148,5826,2020-07-08,1-4521-3613-0
4302155999911,VISA 16 digit,6511,6755,2020-09-10,1-273-16471-7
30132030092212,Mastercard,2872,8997,2020-08-07,1-392-35375-0
630495493763,Diners Club / Carte Blanche,9675,774,2020-05-23,0-352-76043-5
4226456829527609,Maestro,9184,7462,2020-06-05,0-7946-8141-7
3537323948998846,JCB 16 digit,5667,7706,2020-02-12,1-81416-559-2
3548382597052302,JCB 15 digit,661,7842,2020-03-17,0-12-174114-1
3578509581071111,JCB 16 digit,4449,9200,2020-11-03,1-998116-91-3
4952056829853334,VISA 16 digit,3755,9290,2020-08-24,1-83330-290-7
3539174844651809,Maestro,1002,1048,2020-09-14,1-344-86320-5
2435367600183226,JCB 16 digit,8517,8808,2020-05-25,0-19-630763-5
3550947772411161,JCB 15 digit,6133,3756,2020-04-26,0-918760-33-X
2298808247927810,VISA 16 digit,7201,4354,2020-07-06,1-68931-737-X
4586150842106,VISA 16 digit,1966,7176,2020-03-03,1-286-02226-6
676279898172,VISA 16 digit,5842,5150,2020-06-17,1-74049-951-4
6011986692039492,Discover,5690,8714,2020-05-09,1-360-16938-5
4267956838189604497,Maestro,2080,52,2020-02-07,0-608-51441-1
38555734979627,American Express,5066,8514,2020-06-11,0-532-54699-7
3554668856794985,VISA 16 digit,2681,8812,2020-10-14,1-06-063813-4
4412489570809367,JCB 16 digit,2294,3537,2020-02-15,1-61547-087-5
564630779747,JCB 15 digit,5044,1916,2020-01-19,1-127-83082-1
3505403541069696,American Express,8300,7496,2020-09-02,0-931810-23-X
371840950882191,JCB 15 digit,8097,3182,2020-06-07,0-05-168251-6
379076175379596,VISA 16 digit,4951,7434,2020-05-06,1-55056-937-6
30586056836648,Maestro,4613,8363,2020-08-12,0-367-43966-2
180000443925690,VISA 16 digit,5565,7297,2020-06-08,0-619-23631-0
30518527294909,Maestro,8650,5578,2020-04-06,0-421-15900-6
213116134406567,VISA 16 digit,8750,2814,2020-09-04,0-571-58151-X
4693169073874257159,VISA 13 digit,8229,1038,2020-09-16,0-9600823-3-6
347531013573171,JCB 16 digit,8231,2367,2020-03-12,0-395-86530-1
4163414986138426,VISA 16 digit,3823,9679,2020-09-30,1-82608-859-8
213173210429906,Maestro,4022,1649,2020-06-04,0-398-11339-4
6011232807726149,Maestro,6613,7184,2020-06-08,1-964015-43-X
4616178945786192915,JCB 16 digit,4106,8612,2020-02-24,0-7409-5501-2
2658764316879842,VISA 16 digit,9071,278,2020-01-22,0-557-31855-6
379058033626400,VISA 16 digit,7906,1840,2020-04-18,1-79402-671-1
378849164371175,JCB 16 digit,5072,8293,2020-01-25,1-65610-939-5
4662888494795619,JCB 15 digit,4648,344,2020-03-17,1-67407-742-4
3538552637303285,American Express,9302,9516,2020-04-20,0-87711-069-7
3590222727420317,Discover,3583,7893,2020-02-15,1-03-792710-9
38399079034262,VISA 19 digit,8538,2940,2020-01-29,0-620-92386-5
3535597818352950,JCB 16 digit,7776,6193,2020-01-21,1-5419-2408-8
4744876608421948399,Diners Club / Carte Blanche,8692,2354,2020-08-23,1-9847-1510-0
576376412994,JCB 16 digit,8953,9559,2020-06-04,1-80715-436-X
340889150142391,JCB 16 digit,891,8608,2020-05-15,0-236-23274-6
675975355644,American Express,1976,8426,2020-03-21,0-525-08267-0
3558464363642560,JCB 16 digit,4586,5614,2020-04-09,1-68225-895-5
2604987179653484,VISA 16 digit,4960,5514,2020-04-14,0-13-317570-7
4969849898994380,JCB 16 digit,2565,3188,2020-07-13,1-55542-042-7
3575821796273561,Diners Club / Carte Blanche,1598,8067,2020-01-01,0-9524999-9-1
3520736763362708,Mastercard,1191,3964,2020-07-02,0-7308-0468-2
213171969079419,American Express,5625,8189,2020-01-11,0-288-68495-8
4327431237547208,Discover,4841,8791,2020-09-27,0-14-231328-9
4348330094234733,VISA 16 digit,6148,1512,2020-05-02,0-938741-34-9
630481756041,VISA 16 digit,5017,9469,2020-09-14,0-03-354566-9
4437649534587349,Discover,6660,895,2020-10-17,1-75623-205-9
30165312445393,Discover,4148,1463,2020-10-03,0-7376-2428-0
213118801720874,Diners Club / Carte Blanche,7196,9456,2020-09-15,1-06-061091-4
676396136837,JCB 16 digit,4293,9071,2020-07-14,1-276-86797-2
341872707859369,VISA 13 digit,29,4448,2020-07-12,0-401-43768-X
4229646618422,VISA 16 digit,2866,8282,2020-08-18,1-219-65697-6
4841049278131,JCB 16 digit,9614,4032,2020-02-21,1-4762-0523-X
4274132044767665,JCB 16 digit,3627,2448,2020-07-19,0-04-999058-6
6593383547672964,JCB 16 digit,1504,1164,2020-10-30,0-7485-8550-8
582628455740,Diners Club / Carte Blanche,460,2638,2020-03-19,0-589-08024-5
3551044494990505,JCB 16 digit,3948,4525,2020-09-05,0-234-07917-7
4029264083284082916,Diners Club / Carte Blanche,1850,9936,2020-02-29,1-79552-468-5
6011844307045612,VISA 19 digit,4865,6138,2020-02-12,0-937671-14-2
3555931043420974,JCB 15 digit,2932,3061,2020-05-13,1-59003-771-5
676266155925,American Express,5295,842,2020-04-05,1-363-43078-5
6544914186905248,Discover,899,6839,2020-05-01,0-04-900662-2
4666570715110523,VISA 16 digit,1872,7902,2020-05-17,0-529-76081-9
30128276109884,VISA 19 digit,5782,6051,2020-04-17,0-292-37925-0
4725146731059629,Mastercard,7115,7242,2020-09-13,0-09-947658-4
6511626801580789,Mastercard,1735,9361,2020-02-28,0-06-651779-6
180083698296710,Discover,4081,6795,2020-09-06,1-942934-49-1
3560532179887037,VISA 19 digit,5475,6129,2020-09-25,0-546-30253-X
4597182859472596,VISA 19 digit,1311,2016,2020-04-20,0-210-35922-6
4780760119893375,VISA 13 digit,2602,5371,2020-06-22,1-64069-838-8
4905357230692201161,JCB 16 digit,1914,7422,2020-05-09,0-06-266892-7
4275497896720404,Diners Club / Carte Blanche,1333,8687,2020-10-25,1-60617-359-6
4346472469806620,JCB 16 digit,525,4497,2020-07-20,1-386-61986-8
3512746667983418,Diners Club / Carte Blanche,3634,4841,2020-02-21,1-56307-300-5
180094605605299,Mastercard,6035,1406,2020-02-28,1-198-32310-8
213153460493877,Maestro,7583,925,2020-08-29,1-385-55166-6
4050538716027582876,Discover,9554,6225,2020-06-12,0-341-31931-7
3501019414903789,Mastercard,512,4617,2020-09-07,0-693-35936-6
370067697089119,JCB 16 digit,3336,6108,2020-05-20,0-582-67980-X
6565225757599607,VISA 16 digit,8870,5029,2020-06-24,1-883646-98-7
4630159273805279,VISA 16 digit,1225,8361,2020-03-25,1-997939-95-9
346511022625239,VISA 16 digit,3586,8578,2020-06-03,0-7713-8758-X
30341058601321,VISA 19 digit,5294,4609,2020-04-22,0-14-839295-4
564275306129,Maestro,9592,642,2020-05-23,0-8049-3299-9
2266354199064961,VISA 19 digit,8102,4391,2020-07-19,0-456-54138-1
30223735902647,JCB 16 digit,8836,946,2020-06-20,0-611-85522-4
4134490786608228,VISA 16 digit,276,5215,2020-06-27,0-919332-96-X
587788278865,VISA 16 digit,3613,8966,2020-06-08,1-900566-34-6
4797389421068194,VISA 19 digit,116,167,2020-05-06,0-7152-4488-4
4088471361569981,JCB 16 digit,9210,6267,2020-03-28,1-5098-8135-2
4334271935495,Mastercard,8802,5225,2020-05-22,1-309-77554-0
639020856188,Mastercard,7328,7258,2020-03-01,0-454-90416-9
4501213208740,American Express,9006,4425,2020-01-09,0-370-65678-4
2292215700546374,Mastercard,5669,7373,2020-09-22,0-87706-561-6
4986325638253211149,Diners Club / Carte Blanche,2741,6238,2020-01-17,0-389-56829-5
213150858598432,Mastercard,6138,8308,2020-02-29,0-510-58516-7
501872320723,VISA 16 digit,1204,5252,2020-03-18,1-03-709450-6
4576749369163249,Mastercard,1171,8175,2020-02-03,1-221-65450-0
3544780916293883,JCB 16 digit,7720,4602,2020-09-28,0-602-51574-2
180003748450224,VISA 19 digit,9985,4041,2020-01-01,1-74880-160-0
349456430490247,American Express,2009,1892,2020-09-13,0-06-006916-3
676123665546,VISA 16 digit,8373,8412,2020-01-15,1-884883-73-7
3557886090170245,VISA 16 digit,4950,7182,2020-01-22,0-14-266187-2
2382301370951960,VISA 13 digit,6440,3098,2020-02-29,1-77626-915-2
4918543303554105693,JCB 16 digit,5976,8319,2020-01-21,0-521-66728-3
676283017520,Mastercard,6175,5194,2020-03-23,0-89234-046-0
30378558705285,VISA 16 digit,5650,5461,2020-05-15,1-885553-96-X
2265175405436581,Maestro,8237,6421,2020-04-14,1-03-843082-8
4644998746039345,VISA 16 digit,6800,360,2020-01-27,0-313-81221-7
4038899932970,Mastercard,5480,3393,2020-09-05,0-16-932196-7
4151530174950191,VISA 16 digit,7138,8892,2020-02-22,1-74770-813-5
4692954146423168,Discover,4342,2160,2020-09-19,1-5347-8921-9
4335190222821131,Diners Club / Carte Blanche,7317,7614,2020-10-26,1-5061-7069-2
30142355850730,Maestro,5431,5527,2020-01-18,1-916904-73-4
4704123046286105653,VISA 19 digit,7688,2959,2020-10-20,0-252-13714-0
342219603853832,Maestro,2180,9096,2020-07-10,1-79868-091-2
4545093488812990,JCB 15 digit,5426,3187,2020-02-22,1-66010-678-8
2247919471334839,VISA 19 digit,8085,4577,2020-10-18,1-115-12135-9
676360026964,VISA 13 digit,1083,1562,2020-09-29,1-07-541980-8
2224812929185118,VISA 16 digit,552,8374,2020-11-01,1-65925-808-1
3503296423391663,VISA 16 digit,2296,5712,2020-03-01,1-376-55228-0
4425329217251653,JCB 15 digit,4708,9869,2020-04-23,1-7367061-0-1
4646327758430804,JCB 16 digit,4726,4025,2020-09-19,1-55168-429-2
3546108974733657,VISA 13 digit,4142,5918,2020-07-25,0-15-288031-3
372116981849676,American Express,3833,2745,2020-10-20,0-86955-494-8
4232399374148896,Diners Club / Carte Blanche,6626,9265,2020-01-08,0-7961-9120-4
675973968133,VISA 16 digit,6046,3847,2020-10-29,1-02-346346-6
6506253005604054,Mastercard,8241,6815,2020-05-27,0-9674819-2-9
30301921996480,Maestro,4930,6408,2020-03-05,0-535-15691-X
6504290511334620,Maestro,5863,5294,2020-02-18,0-431-32091-8
4335280276222763,VISA 16 digit,9631,3730,2020-05-18,0-19-985260-X
4859211477646,VISA 19 digit,9504,9818,2020-05-24,0-452-70871-0
4827790359898821,JCB 16 digit,6085,6637,2020-01-25,0-7764-1741-X
3513087553426330,American Express,3112,2430,2020-05-19,0-480-61327-3
4999890866973521,Maestro,514,6747,2020-01-17,1-359-40043-5
4660897396713663,JCB 16 digit,8521,1699,2020-02-09,0-322-07843-1
2720487030178283,American Express,2298,4007,2020-05-30,1-279-67062-2
4466587046240664,Maestro,6203,4994,2020-05-07,1-903718-83-X
38468570355821,VISA 16 digit,7493,7886,2020-01-27,1-62220-515-4
213173658931587,Discover,539,9084,2020-09-29,0-8282-8327-3
4491936956126992,American Express,1227,5779,2020-02-24,1-06-796909-8
3550885204849980,VISA 16 digit,4612,3937,2020-01-29,1-59466-750-0
3584554069067209,JCB 16 digit,4688,236,2020-03-31,0-270-51283-7
3520842437374242,VISA 16 digit,2582,6446,2020-09-10,0-7049-1855-2
676198115294,VISA 16 digit,1570,8856,2020-09-14,0-86630-118-6
4179158762299504,VISA 16 digit,2587,7351,2020-07-15,0-249-15631-8
4247689459332388,Maestro,2286,8826,2020-04-27,1-79864-053-8
3521078104989561,Maestro,2073,9580,2020-02-26,0-510-22762-7
5106535105060518,American Express,8766,7565,2020-06-05,1-86038-060-3
4786552184857029,Diners Club / Carte Blanche,2715,4621,2020-03-24,1-223-48037-2
30444031925518,VISA 19 digit,6676,414,2020-07-11,1-4380-0905-4
4360670627440692,Mastercard,7578,4956,2020-09-28,0-9693518-3-6
6011861167150316,Maestro,3989,5711,2020-08-19,1-56877-474-5
374657333082084,JCB 15 digit,8981,336,2020-01-03,1-5285-3804-8
2720774156302965,VISA 16 digit,6312,8692,2020-03-09,1-01-181312-2
180068748011151,VISA 16 digit,3968,7878,2020-05-17,1-02-036655-9
6011123487992426,VISA 16 digit,5096,8718,2020-09-12,1-237-63101-7
060423550460,VISA 19 digit,9146,5624,2020-01-02,1-61078-450-2
180098012281289,VISA 16 digit,7006,3112,2020-09-05,0-598-63656-0
180014208992563,Diners Club / Carte Blanche,8764,3635,2020-04-24,0-08-929209-X
4112733114598,Maestro,6985,4722,2020-01-31,0-449-10594-6
5493682364904290,VISA 19 digit,7908,2178,2020-01-23,0-7796-9200-4
213183401886905,American Express,1845,7295,2020-01-27,1-62142-009-4
30589608521247,Maestro,9928,7236,2020-09-16,1-78712-214-X
6546565889166740,VISA 16 digit,6808,7051,2020-08-04,0-417-66897-X
6547079698710838,VISA 13 digit,9312,3573,2020-07-31,1-02-294345-6
2246471673374131,Discover,6337,356,2020-10-23,0-328-47759-1
6011135219622873,VISA 13 digit,2559,5367,2020-04-28,1-238-12289-2
4708082141958277,Discover,4038,1211,2020-10-19,0-343-44494-1
4777627627556,American Express,159,1880,2020-06-30,1-5074-1469-2
180017682309410,JCB 16 digit,9229,7604,2020-09-04,1-945125-52-7
5372612519290325,American Express,9426,7330,2020-04-20,1-65617-450-2
3567826811134854,American Express,4538,4564,2020-08-09,1-86129-757-2
3593644936767542,Mastercard,6625,465,2020-01-03,0-8181-4067-4
4669041467273,JCB 16 digit,4549,1348,2020-01-25,0-7524-8761-2
4335751970829,Maestro,926,1767,2020-03-27,0-7643-7624-1
4182214581406898,Maestro,9523,1375,2020-01-25,0-269-57999-0
4843971671156722,Mastercard,4987,4707,2020-03-17,0-08-628642-0
501803573887,JCB 16 digit,1660,908,2020-04-19,0-8260-2227-8
3584007804118324,Mastercard,1338,9712,2020-09-10,0-400-13172-2
2720842434107454,JCB 16 digit,1990,5316,2020-03-26,0-662-55527-9
342835822857237,JCB 16 digit,3304,938,2020-05-12,1-185-42097-5
4307863924723045,Diners Club / Carte Blanche,7638,9300,2020-05-09,1-347-92694-1
4872837116763593994,JCB 16 digit,584,9230,2020-09-22,1-75893-123-X
4059185308399006,JCB 16 digit,4512,5150,2020-01-05,1-83224-373-7
6537338647376717,VISA 13 digit,6241,2503,2020-07-03,1-4256-8740-7
4332056975886600,JCB 16 digit,390,4691,2020-05-03,0-05-981132-3
566813970415,VISA 19 digit,6699,4397,2020-01-08,0-86437-949-8
2222597879179920,Maestro,2359,7024,2020-06-17,1-394-77208-4
4465881827521421,Discover,4980,4568,2020-01-15,0-7064-6254-8
3586128811954952,Diners Club / Carte Blanche,1801,2729,2020-10-10,1-886523-63-0
3576044352752063,JCB 16 digit,6373,5758,2020-10-10,0-215-56587-8
213174059846507,JCB 16 digit,7329,7492,2020-08-18,1-4827-7730-4
676240703204,VISA 19 digit,8591,1648,2020-07-13,0-06-269941-5
4548866524699761,Discover,6419,288,2020-01-03,0-7120-0939-6
3578328938248557,VISA 16 digit,5200,8366,2020-01-24,0-16-930337-3
30575408022726,Maestro,5170,1833,2020-02-04,0-17-739301-7
4313590300938,American Express,3560,6383,2020-02-24,1-122-01652-2
676125876968,VISA 19 digit,9150,5881,2020-02-02,0-342-00369-0
4084395293662686553,Mastercard,1846,4190,2020-08-11,1-64676-376-9
30334331571585,Diners Club / Carte Blanche,1407,8974,2020-06-29,0-697-35685-X
377072604389779,JCB 15 digit,3001,2264,2020-04-06,0-409-26875-5
3571401197561577,Mastercard,4766,2455,2020-02-16,0-88408-994-0
6011875212741341,American Express,3831,7485,2020-02-17,1-76516-025-1
4028980025668958,JCB 15 digit,1040,1988,2020-10-08,0-9814400-4-5
3523825807961315,JCB 16 digit,5366,5941,2020-06-15,1-325-65409-4
2290414543877300,VISA 16 digit,910,5393,2020-06-24,1-5097-9791-2
4227057723508408261,Discover,2442,1319,2020-01-02,1-73061-835-9
4252633746291892,Mastercard,581,6411,2020-05-17,0-493-29085-0
345420240117048,VISA 16 digit,1262,1427,2020-03-29,0-88231-108-5
4074046819818127,VISA 16 digit,170,3149,2020-02-02,1-05-168514-1
30553208059727,Mastercard,4324,3159,2020-07-23,0-359-62493-6
3510648605358772,American Express,1051,9534,2020-01-29,1-67565-571-5
30308115073943,American Express,2070,5308,2020-06-08,0-16-281559-X
5444848001767420,American Express,2242,5970,2020-03-08,0-607-83871-X
4903922216665845655,JCB 15 digit,4062,9099,2020-10-07,0-9765238-1-7
4760291682311854,Diners Club / Carte Blanche,867,2703,2020-01-12,1-57870-092-2
3505425106322350,VISA 19 digit,6096,504,2020-03-26,0-08-348650-X
30305126662631,Discover,4402,9432,2020-07-14,1-209-91160-4
3531546423283997,Diners Club / Carte Blanche,684,2548,2020-04-23,0-8490-8484-9
2396282820731257,Discover,575,9149,2020-09-09,0-8432-7179-5
4140684479447751,JCB 15 digit,7188,572,2020-08-27,1-78243-325-2
2714484111960513,VISA 19 digit,6300,8672,2020-10-04,0-314-59191-5
373072649900733,Maestro,579,8197,2020-05-29,1-327-83789-7
30058374201194,VISA 13 digit,4041,5937,2020-02-09,1-328-72491-3
5145849405652244,VISA 16 digit,9210,3197,2020-07-23,0-565-34132-4
4757806129755358,VISA 19 digit,4038,7383,2020-04-25,1-391-29330-4
4542609314014049,VISA 16 digit,2090,6655,2020-09-11,0-520-60971-9
4047261537355955,VISA 13 digit,345,8332,2020-04-18,1-170-73351-4
3517598457532375,JCB 16 digit,414,8999,2020-04-18,1-67185-693-7
370984823132185,Diners Club / Carte Blanche,1106,686,2020-09-25,0-273-32746-1
30481668710805,Diners Club / Carte Blanche,8349,3118,2020-03-19,0-200-41619-7
6587036737129652,VISA 13 digit,7188,9553,2020-08-18,1-370-27717-2
3574324547064935,VISA 19 digit,8237,2783,2020-07-16,1-68946-846-7
2623925694574162,JCB 15 digit,7534,3329,2020-04-04,1-73162-277-5
4502083435280,Mastercard,2842,2167,2020-08-03,1-64048-082-X
6540910586185062,VISA 19 digit,4112,4642,2020-06-05,1-57747-386-8
5101069829697855,Maestro,3303,7822,2020-02-02,1-872072-09-7
571462881665,Discover,914,4413,2020-05-03,1-870986-24-5
2719139731824995,Mastercard,2724,1425,2020-06-28,1-03-826727-7
4990994919924,Mastercard,1783,9044,2020-09-10,1-969786-84-1
30593977293453,Maestro,9127,5950,2020-09-25,0-02-099015-4
30318644350886,Diners Club / Carte Blanche,7206,5715,2020-10-22,1-397-02612-X
2236912556919932,Diners Club / Carte Blanche,1964,1315,2020-05-26,0-619-98750-2
3507548329687032,VISA 16 digit,1001,9790,2020-06-21,0-259-39213-8
180052353976437,VISA 16 digit,4249,676,2020-10-11,1-74383-606-6
213123278842326,Maestro,346,7667,2020-05-09,1-59795-715-1
3518498062539288,VISA 13 digit,2715,4759,2020-08-21,0-236-58478-2
502068832596,JCB 16 digit,8246,4091,2020-10-03,0-08-127398-3
562770847175,American Express,9791,6116,2020-10-19,1-81325-319-6
060468225200,VISA 16 digit,8161,151,2020-04-29,1-80253-564-0
180087725542905,Maestro,6758,3115,2020-09-29,0-8298-8693-1
2705948258844343,JCB 16 digit,8097,709,2020-08-14,0-04-708731-5
3574132407986950,VISA 13 digit,8269,9694,2020-10-27,0-415-97459-3
30208047860260,Diners Club / Carte Blanche,2955,1526,2020-08-09,0-417-70169-1
378940103042397,Maestro,1966,2067,2020-03-28,0-276-26133-X
3549172905073929,VISA 13 digit,3165,8131,2020-02-22,1-292-91263-4
3570779346529855,American Express,9302,9549,2020-09-28,1-4655-8217-7
4325270027894202,JCB 15 digit,6699,291,2020-08-20,1-83795-523-9
639084922272,JCB 15 digit,8258,6026,2020-07-06,1-4609-6727-5
4325426387058602,Maestro,4533,5077,2020-03-28,1-381-58304-0
583882773828,Diners Club / Carte Blanche,1943,5940,2020-05-23,0-258-02036-9
4041764930016138,JCB 16 digit,4482,9946,2020-02-28,1-5494-7021-3
639096016378,Maestro,4853,4530,2020-06-20,0-7283-0968-8
3588966193397573,American Express,5476,583,2020-06-29,1-83839-672-1
6538586722056666,JCB 16 digit,2125,3549,2020-01-02,1-74572-985-2
6011961479933845,American Express,2790,1645,2020-03-21,0-914893-36-X
6011892521226179,VISA 16 digit,4281,4288,2020-08-29,0-307-78631-5
4864912805901552723,Discover,9406,2197,2020-10-03,1-970462-03-5
4812500753613180,Diners Club / Carte Blanche,5639,9054,2020-09-07,1-70042-067-4
2292430685900245,Maestro,2264,3017,2020-09-05,0-479-30845-4
6536409001500829,Diners Club / Carte Blanche,9952,994,2020-09-25,1-276-63211-8
3500775574357881,JCB 16 digit,6841,7478,2020-10-24,1-925688-83-6
30542658556837,Diners Club / Carte Blanche,3394,3676,2020-08-12,1-85096-833-0
503899081817,American Express,9371,9250,2020-09-03,1-5371-6011-7
4935348303096664380,JCB 15 digit,9749,5687,2020-02-08,0-6487324-9-5
4324220035791495,Discover,5170,6508,2020-03-28,0-7358-8835-3
6570247349713648,VISA 16 digit,6035,3759,2020-04-20,0-10-504769-4
4836731575232,JCB 16 digit,6241,2325,2020-01-06,0-326-62141-5
503859514393,JCB 16 digit,4038,3642,2020-04-16,0-218-08488-9
4213094315479269,American Express,6784,7438,2020-06-26,0-85188-902-6
30247641240933,Discover,2569,3725,2020-06-26,1-56310-818-6
3504483591121614,Diners Club / Carte Blanche,2956,8880,2020-08-23,1-4680-2437-X
346134686880899,VISA 13 digit,9365,453,2020-05-17,0-377-55004-3
4791618972556918,Maestro,9952,1098,2020-03-11,1-71559-379-0
6597880268904928,Discover,1040,4021,2020-05-06,1-03-544618-9
4830394271346,Maestro,6650,1564,2020-08-15,0-355-81059-X
376578386172853,JCB 16 digit,9096,1351,2020-10-07,1-55573-610-6
340100543683202,Mastercard,9943,28,2020-07-22,0-05-262956-2
060438873253,VISA 19 digit,3939,791,2020-10-21,0-9591904-9-X
180097506731486,VISA 13 digit,9380,6054,2020-02-24,0-468-23036-X
213198677016854,Diners Club / Carte Blanche,4705,129,2020-05-23,1-76953-255-2
3528549303569555,Mastercard,9048,2467,2020-10-01,0-9677233-9-6
373751965970814,Maestro,8826,2547,2020-01-18,0-362-99053-0
345159913102701,JCB 16 digit,1296,2744,2020-06-09,1-59733-890-7
3542913920187344,VISA 13 digit,1672,6992,2020-02-18,1-217-17131-2
4596706082663110466,VISA 16 digit,9562,8389,2020-02-09,1-335-11189-1
4596748072660,Discover,9406,3951,2020-08-21,0-463-05216-1
4422459455319,American Express,3515,2783,2020-02-04,0-288-55409-4
30024061181008,Mastercard,4306,4372,2020-09-13,0-402-16358-3
4627931562934,Discover,3220,6853,2020-05-30,0-10-787052-5
3559104672446951,Mastercard,1783,8482,2020-03-25,0-03-626839-9
3553774047012799,JCB 16 digit,7866,8817,2020-01-12,0-16-567430-X
3576939161569717,VISA 16 digit,6436,8931,2020-10-02,0-670-06973-6
3528913826428766,American Express,3355,9626,2020-03-20,1-4498-5541-5
30078753403484,Maestro,4648,5802,2020-07-06,0-397-40394-1
6011876146480477,Mastercard,1964,8685,2020-04-14,0-467-27972-1
2282073737837148,Diners Club / Carte Blanche,3265,2151,2020-08-15,0-658-27285-3
2703137363922325,Mastercard,2932,723,2020-06-17,0-362-55563-X
180014209672602,JCB 16 digit,4705,4999,2020-05-04,1-63423-984-9
6536256403419953,Discover,6120,8067,2020-09-23,1-08-613351-X
2701707984100204,JCB 16 digit,9875,5471,2020-04-07,1-111-67340-3
6011538924266292,VISA 16 digit,9835,9610,2020-07-04,0-7433-2835-3
6531365554323859,JCB 15 digit,2341,405,2020-08-03,1-02-072496-X
4504597790864126,Discover,8713,6332,2020-10-31,0-459-64056-9
6011506926770538,JCB 16 digit,2298,5312,2020-05-30,1-397-73936-3
344999973339722,VISA 13 digit,3675,4838,2020-09-24,1-69790-896-9
4847437224363,Maestro,347,4719,2020-03-04,1-935204-46-7
4412296424101614,VISA 13 digit,684,9911,2020-05-29,0-395-60171-1
347533655975516,JCB 16 digit,5707,6105,2020-10-22,0-657-78519-9
3560592176037978,Mastercard,40,2187,2020-06-03,0-03-455102-6
501881439274,JCB 16 digit,4692,4168,2020-02-04,1-4538-5626-9
372536216569148,Mastercard,6650,937,2020-04-06,0-669-90865-7
213153729937656,JCB 16 digit,4413,5615,2020-03-23,0-11-552906-3
3599585631807527,JCB 16 digit,6463,2199,2020-08-15,1-82346-612-5
4662232589854163610,American Express,4537,5094,2020-02-04,0-506-95106-5
343136853147393,JCB 15 digit,8008,2235,2020-06-17,0-376-42646-2
4587542340239,Discover,7511,6424,2020-01-29,1-72620-248-8
213118544848941,JCB 15 digit,6373,3802,2020-02-20,1-335-57876-5
4369652231304,American Express,4648,6924,2020-01-16,1-997457-22-9
4268625337914594874,VISA 19 digit,2198,9161,2020-10-30,1-7350911-7-0
676367398903,VISA 19 digit,6148,2928,2020-08-02,1-5142-4614-7
3556801975747505,VISA 16 digit,5896,5166,2020-10-28,0-650-34347-6
2580135579022383,VISA 16 digit,1923,8614,2020-10-25,1-238-23838-6
4437422014056406995,Diners Club / Carte Blanche,4648,3320,2020-10-02,0-8102-8490-1
373743060718693,JCB 16 digit,636,2430,2020-05-31,0-464-95934-9
6557442055491110,VISA 16 digit,9705,4308,2020-07-02,1-911283-73-1
30082512914682,VISA 16 digit,5667,2780,2020-05-08,1-4581-6447-0
5490421457471138,VISA 16 digit,3384,1037,2020-07-18,1-03-049397-9
3515825414271868,American Express,4927,3577,2020-01-30,1-116-14720-3
3592679169297685,Mastercard,6985,7919,2020-10-14,1-80592-417-6
3560816137131574,JCB 15 digit,1528,8150,2020-09-13,0-591-65110-6
38597051102151,VISA 13 digit,9835,4375,2020-11-04,1-236-19486-1
374699612448883,Diners Club / Carte Blanche,1849,9068,2020-04-29,0-214-40459-5
3513270968928948,VISA 16 digit,5044,4699,2020-01-27,1-83976-690-5
3516141353924676,JCB 16 digit,506,6680,2020-04-17,0-459-06629-3
502070661074,JCB 16 digit,5794,9645,2020-07-09,1-963447-00-X
4322228278432,American Express,5366,4991,2020-01-01,1-100-82597-5
4865186719612844509,Mastercard,9302,9957,2020-07-04,0-16-639801-2
2261042496251648,VISA 19 digit,3440,6831,2020-01-27,1-940173-61-2
2341884628773468,Mastercard,4692,9854,2020-01-01,1-5479-6118-X
30036150680831,Diners Club / Carte Blanche,6312,4880,2020-06-30,1-79043-882-9
566367023991,Discover,8517,796,2020-03-08,1-58745-556-0
4005693892968032,VISA 16 digit,2461,487,2020-05-24,0-7641-8924-7
372013436933934,JCB 16 digit,3356,5207,2020-05-11,1-74457-521-5
4139929368247587,Maestro,6749,8538,2020-05-11,0-16-145275-2
36662680285850,JCB 15 digit,9302,2781,2020-10-04,0-489-99223-4
346990144219867,Mastercard,1024,1810,2020-09-27,1-904145-56-6
30264542555913,VISA 13 digit,9660,8218,2020-08-24,1-303-91188-4
180050960344254,VISA 19 digit,8161,1236,2020-04-14,0-03-109861-4
376360569567047,VISA 16 digit,9675,1003,2020-08-17,1-06-749655-6
5198414745437644,VISA 16 digit,9210,8832,2020-02-08,0-7362-8236-X
4303960790739687307,Maestro,8418,442,2020-04-21,1-319-52169-X
3565665643404644,Maestro,8870,897,2020-05-15,1-07-858281-5
30017544624792,VISA 19 digit,1583,6920,2020-08-11,0-18-791437-0
6011672945515435,JCB 15 digit,116,8188,2020-06-10,0-249-65502-0
6011951381809266,Discover,187,6940,2020-08-26,1-166-39008-X
213135755058606,Diners Club / Carte Blanche,5602,5708,2020-08-09,1-102-84076-9
2544848068238022,VISA 19 digit,3487,4444,2020-06-15,0-13-303456-9
374149640696236,VISA 19 digit,1227,5242,2020-06-17,0-8109-4013-2
3561633159076580,Diners Club / Carte Blanche,8811,855,2020-05-20,0-221-32571-9
6531855891423289,VISA 19 digit,9496,5281,2020-01-21,1-03-591503-0
4249585022220,VISA 16 digit,9875,3069,2020-05-21,1-197-47463-3
3574766551240431,VISA 16 digit,8588,8271,2020-07-10,0-9533946-6-2
4297594524096390785,Discover,6201,1057,2020-07-11,1-883934-03-6
4114768128054654,VISA 16 digit,4594,3984,2020-09-09,0-580-47332-5
4636602517888357,VISA 16 digit,9496,3167,2020-04-20,0-917573-03-X
4906719142352,VISA 13 digit,9581,9453,2020-02-01,1-84135-967-X
180008334377293,Maestro,6758,2523,2020-06-22,0-13-388047-8
4580875929106007544,VISA 19 digit,2955,6141,2020-10-29,1-125-12401-6
2698905504238620,Discover,4649,2645,2020-08-11,0-345-42977-X
30047163993566,VISA 16 digit,9643,9854,2020-01-02,1-955959-97-8
6011026327302294,JCB 16 digit,1783,2017,2020-09-15,0-07-235830-0
6011635747873468,VISA 16 digit,4012,9439,2020-08-01,0-672-68962-6
3544202995997896,VISA 13 digit,914,5635,2020-01-12,1-4651-9924-1
3545910649060999,JCB 15 digit,8271,4626,2020-04-01,1-177-89096-8
502041177366,Diners Club / Carte Blanche,5521,8482,2020-07-11,1-121-39324-1
348264030272986,Mastercard,4703,4026,2020-09-25,0-933163-59-2
180067455434200,Discover,9515,3589,2020-10-23,1-224-61227-2
4071901233278014,VISA 19 digit,6201,9228,2020-04-07,0-7086-8165-4
2717726091077933,Discover,5976,7198,2020-09-16,1-4835-5981-5
4625973897217357,American Express,8692,5159,2020-05-22,1-278-36773-X
5256271973818443,Maestro,1204,5389,2020-07-20,0-07-734664-5
4329968962463,JCB 16 digit,260,5959,2020-03-22,1-297-08521-3
4522849416803858374,VISA 19 digit,2739,5108,2020-04-28,1-02-207888-7
342972780892870,JCB 16 digit,6516,4425,2020-08-13,0-528-75020-8
213196458730438,VISA 13 digit,5875,9726,2020-05-07,1-991894-82-1
348730911939604,JCB 16 digit,9554,5911,2020-10-24,0-10-752920-3
30451539002195,VISA 16 digit,1368,1495,2020-08-27,0-87501-021-0
569063349264,VISA 16 digit,1819,6047,2020-04-05,1-5148-1730-6
370263502890177,Diners Club / Carte Blanche,3378,9004,2020-10-07,1-265-11920-1
180036881144162,VISA 13 digit,9515,5133,2020-06-30,1-230-46788-2
4797146615660909,VISA 19 digit,4838,6118,2020-03-18,0-8160-9877-8
4206647308068318000,Mastercard,9147,2807,2020-01-20,0-15-073348-8
213142302417814,JCB 15 digit,5480,2587,2020-10-27,1-918984-46-8
30170184036007,Maestro,8802,8031,2020-10-23,1-5097-6888-2
4323834657542286407,American Express,9614,5079,2020-05-17,0-8480-1691-2
30182143072551,JCB 15 digit,40,1881,2020-04-11,1-5346-5257-4
180046848280991,Diners Club / Carte Blanche,8241,2755,2020-05-30,1-295-09125-9
6011786885105211,Mastercard,9515,1896,2020-03-28,0-262-75826-1
5433222742518653,Discover,5475,5913,2020-09-16,1-81099-676-7
343543740065029,Maestro,5044,2155,2020-02-19,0-16-238561-7
4776188444096,JCB 16 digit,2298,9207,2020-01-25,1-84297-954-X
2366657069016575,JCB 16 digit,2741,548,2020-09-25,1-147-28449-0
6524834944628193,JCB 16 digit,5416,2401,2020-01-21,1-921113-40-5
4842720142724225,VISA 19 digit,8760,7009,2020-07-20,1-4522-1135-3
